Explanation,Bounds
"['RPDE > 0.64', 'spread1 <= 0.27', 'MDVP:Fo(Hz) <= 0.32']","[[0.       0.32    ]
 [0.       1.      ]
 [0.       1.      ]
 [0.       1.      ]
 [0.       1.      ]
 [0.       1.      ]
 [0.       1.      ]
 [0.       1.      ]
 [0.       1.      ]
 [0.       1.      ]
 [0.       1.      ]
 [0.       1.      ]
 [0.       1.      ]
 [0.       1.      ]
 [0.       1.      ]
 [0.       1.      ]
 [0.       1.      ]
 [0.640001 1.      ]
 [0.       1.      ]
 [0.       0.27    ]
 [0.       1.      ]
 [0.       1.      ]]"
"['MDVP:Fhi(Hz) > 0.22', 'spread1 <= 0.27', 'DFA <= 0.43']","[[0.       1.      ]
 [0.220001 1.      ]
 [0.       1.      ]
 [0.       1.      ]
 [0.       1.      ]
 [0.       1.      ]
 [0.       1.      ]
 [0.       1.      ]
 [0.       1.      ]
 [0.       1.      ]
 [0.       1.      ]
 [0.       1.      ]
 [0.       1.      ]
 [0.       1.      ]
 [0.       1.      ]
 [0.       1.      ]
 [0.       1.      ]
 [0.       1.      ]
 [0.       0.43    ]
 [0.       0.27    ]
 [0.       1.      ]
 [0.       1.      ]]"
"['spread2 <= 0.37', 'spread1 <= 0.27', 'DFA <= 0.43']","[[0.   1.  ]
 [0.   1.  ]
 [0.   1.  ]
 [0.   1.  ]
 [0.   1.  ]
 [0.   1.  ]
 [0.   1.  ]
 [0.   1.  ]
 [0.   1.  ]
 [0.   1.  ]
 [0.   1.  ]
 [0.   1.  ]
 [0.   1.  ]
 [0.   1.  ]
 [0.   1.  ]
 [0.   1.  ]
 [0.   1.  ]
 [0.   1.  ]
 [0.   0.43]
 [0.   0.27]
 [0.   0.37]
 [0.   1.  ]]"
"['RPDE > 0.42', 'spread1 <= 0.27', 'MDVP:Fhi(Hz) > 0.22']","[[0.       1.      ]
 [0.220001 1.      ]
 [0.       1.      ]
 [0.       1.      ]
 [0.       1.      ]
 [0.       1.      ]
 [0.       1.      ]
 [0.       1.      ]
 [0.       1.      ]
 [0.       1.      ]
 [0.       1.      ]
 [0.       1.      ]
 [0.       1.      ]
 [0.       1.      ]
 [0.       1.      ]
 [0.       1.      ]
 [0.       1.      ]
 [0.420001 1.      ]
 [0.       1.      ]
 [0.       0.27    ]
 [0.       1.      ]
 [0.       1.      ]]"
"['spread2 <= 0.37', 'spread1 <= 0.27', 'MDVP:Fhi(Hz) > 0.22']","[[0.       1.      ]
 [0.220001 1.      ]
 [0.       1.      ]
 [0.       1.      ]
 [0.       1.      ]
 [0.       1.      ]
 [0.       1.      ]
 [0.       1.      ]
 [0.       1.      ]
 [0.       1.      ]
 [0.       1.      ]
 [0.       1.      ]
 [0.       1.      ]
 [0.       1.      ]
 [0.       1.      ]
 [0.       1.      ]
 [0.       1.      ]
 [0.       1.      ]
 [0.       1.      ]
 [0.       0.27    ]
 [0.       0.37    ]
 [0.       1.      ]]"
"['spread2 <= 0.37', 'spread1 <= 0.27', 'MDVP:Shimmer > 0.05']","[[0.       1.      ]
 [0.       1.      ]
 [0.       1.      ]
 [0.       1.      ]
 [0.       1.      ]
 [0.       1.      ]
 [0.       1.      ]
 [0.       1.      ]
 [0.050001 1.      ]
 [0.       1.      ]
 [0.       1.      ]
 [0.       1.      ]
 [0.       1.      ]
 [0.       1.      ]
 [0.       1.      ]
 [0.       1.      ]
 [0.       1.      ]
 [0.       1.      ]
 [0.       1.      ]
 [0.       0.27    ]
 [0.       0.37    ]
 [0.       1.      ]]"
"['MDVP:Fhi(Hz) > 0.22', 'MDVP:Jitter(%) <= 0.04', 'MDVP:Fo(Hz) > 0.50']","[[0.500001 1.      ]
 [0.220001 1.      ]
 [0.       1.      ]
 [0.       0.04    ]
 [0.       1.      ]
 [0.       1.      ]
 [0.       1.      ]
 [0.       1.      ]
 [0.       1.      ]
 [0.       1.      ]
 [0.       1.      ]
 [0.       1.      ]
 [0.       1.      ]
 [0.       1.      ]
 [0.       1.      ]
 [0.       1.      ]
 [0.       1.      ]
 [0.       1.      ]
 [0.       1.      ]
 [0.       1.      ]
 [0.       1.      ]
 [0.       1.      ]]"
"['spread2 <= 0.37', 'spread1 <= 0.27', 'MDVP:Fhi(Hz) > 0.22']","[[0.       1.      ]
 [0.220001 1.      ]
 [0.       1.      ]
 [0.       1.      ]
 [0.       1.      ]
 [0.       1.      ]
 [0.       1.      ]
 [0.       1.      ]
 [0.       1.      ]
 [0.       1.      ]
 [0.       1.      ]
 [0.       1.      ]
 [0.       1.      ]
 [0.       1.      ]
 [0.       1.      ]
 [0.       1.      ]
 [0.       1.      ]
 [0.       1.      ]
 [0.       1.      ]
 [0.       0.27    ]
 [0.       0.37    ]
 [0.       1.      ]]"
"['spread2 <= 0.37', 'spread1 <= 0.27', 'MDVP:Fhi(Hz) > 0.22']","[[0.       1.      ]
 [0.220001 1.      ]
 [0.       1.      ]
 [0.       1.      ]
 [0.       1.      ]
 [0.       1.      ]
 [0.       1.      ]
 [0.       1.      ]
 [0.       1.      ]
 [0.       1.      ]
 [0.       1.      ]
 [0.       1.      ]
 [0.       1.      ]
 [0.       1.      ]
 [0.       1.      ]
 [0.       1.      ]
 [0.       1.      ]
 [0.       1.      ]
 [0.       1.      ]
 [0.       0.27    ]
 [0.       0.37    ]
 [0.       1.      ]]"
"['spread2 <= 0.37', 'PPE <= 0.19', 'MDVP:Fhi(Hz) > 0.22']","[[0.       1.      ]
 [0.220001 1.      ]
 [0.       1.      ]
 [0.       1.      ]
 [0.       1.      ]
 [0.       1.      ]
 [0.       1.      ]
 [0.       1.      ]
 [0.       1.      ]
 [0.       1.      ]
 [0.       1.      ]
 [0.       1.      ]
 [0.       1.      ]
 [0.       1.      ]
 [0.       1.      ]
 [0.       1.      ]
 [0.       0.19    ]
 [0.       1.      ]
 [0.       1.      ]
 [0.       1.      ]
 [0.       0.37    ]
 [0.       1.      ]]"
"['spread2 <= 0.37', 'spread1 <= 0.27', 'MDVP:Fhi(Hz) > 0.22']","[[0.       1.      ]
 [0.220001 1.      ]
 [0.       1.      ]
 [0.       1.      ]
 [0.       1.      ]
 [0.       1.      ]
 [0.       1.      ]
 [0.       1.      ]
 [0.       1.      ]
 [0.       1.      ]
 [0.       1.      ]
 [0.       1.      ]
 [0.       1.      ]
 [0.       1.      ]
 [0.       1.      ]
 [0.       1.      ]
 [0.       1.      ]
 [0.       1.      ]
 [0.       1.      ]
 [0.       0.27    ]
 [0.       0.37    ]
 [0.       1.      ]]"
"['MDVP:Fhi(Hz) > 0.22', 'spread1 <= 0.27', 'MDVP:Fo(Hz) > 0.50', 'Shimmer:APQ5 <= 0.05']","[[0.500001 1.      ]
 [0.220001 1.      ]
 [0.       1.      ]
 [0.       1.      ]
 [0.       1.      ]
 [0.       1.      ]
 [0.       1.      ]
 [0.       1.      ]
 [0.       1.      ]
 [0.       1.      ]
 [0.       1.      ]
 [0.       0.05    ]
 [0.       1.      ]
 [0.       1.      ]
 [0.       1.      ]
 [0.       1.      ]
 [0.       1.      ]
 [0.       1.      ]
 [0.       1.      ]
 [0.       0.27    ]
 [0.       1.      ]
 [0.       1.      ]]"
"['spread2 <= 0.37', 'spread1 <= 0.27', 'MDVP:Fo(Hz) > 0.50', 'Shimmer:APQ3 <= 0.06']","[[0.500001 1.      ]
 [0.       1.      ]
 [0.       1.      ]
 [0.       1.      ]
 [0.       1.      ]
 [0.       1.      ]
 [0.       1.      ]
 [0.       1.      ]
 [0.       1.      ]
 [0.       1.      ]
 [0.       0.06    ]
 [0.       1.      ]
 [0.       1.      ]
 [0.       1.      ]
 [0.       1.      ]
 [0.       1.      ]
 [0.       1.      ]
 [0.       1.      ]
 [0.       1.      ]
 [0.       0.27    ]
 [0.       0.37    ]
 [0.       1.      ]]"
"['MDVP:Fo(Hz) > 0.50', 'MDVP:Jitter(%) <= 0.04', 'MDVP:RAP > 0.04']","[[0.500001 1.      ]
 [0.       1.      ]
 [0.       1.      ]
 [0.       0.04    ]
 [0.       1.      ]
 [0.040001 1.      ]
 [0.       1.      ]
 [0.       1.      ]
 [0.       1.      ]
 [0.       1.      ]
 [0.       1.      ]
 [0.       1.      ]
 [0.       1.      ]
 [0.       1.      ]
 [0.       1.      ]
 [0.       1.      ]
 [0.       1.      ]
 [0.       1.      ]
 [0.       1.      ]
 [0.       1.      ]
 [0.       1.      ]
 [0.       1.      ]]"
"['spread2 <= 0.37', 'spread1 <= 0.27', 'MDVP:Shimmer > 0.05']","[[0.       1.      ]
 [0.       1.      ]
 [0.       1.      ]
 [0.       1.      ]
 [0.       1.      ]
 [0.       1.      ]
 [0.       1.      ]
 [0.       1.      ]
 [0.050001 1.      ]
 [0.       1.      ]
 [0.       1.      ]
 [0.       1.      ]
 [0.       1.      ]
 [0.       1.      ]
 [0.       1.      ]
 [0.       1.      ]
 [0.       1.      ]
 [0.       1.      ]
 [0.       1.      ]
 [0.       0.27    ]
 [0.       0.37    ]
 [0.       1.      ]]"
"['spread2 <= 0.37', 'spread1 <= 0.27', 'MDVP:Shimmer > 0.05']","[[0.       1.      ]
 [0.       1.      ]
 [0.       1.      ]
 [0.       1.      ]
 [0.       1.      ]
 [0.       1.      ]
 [0.       1.      ]
 [0.       1.      ]
 [0.050001 1.      ]
 [0.       1.      ]
 [0.       1.      ]
 [0.       1.      ]
 [0.       1.      ]
 [0.       1.      ]
 [0.       1.      ]
 [0.       1.      ]
 [0.       1.      ]
 [0.       1.      ]
 [0.       1.      ]
 [0.       0.27    ]
 [0.       0.37    ]
 [0.       1.      ]]"
"['spread2 <= 0.37', 'spread1 <= 0.27', 'DFA <= 0.43']","[[0.   1.  ]
 [0.   1.  ]
 [0.   1.  ]
 [0.   1.  ]
 [0.   1.  ]
 [0.   1.  ]
 [0.   1.  ]
 [0.   1.  ]
 [0.   1.  ]
 [0.   1.  ]
 [0.   1.  ]
 [0.   1.  ]
 [0.   1.  ]
 [0.   1.  ]
 [0.   1.  ]
 [0.   1.  ]
 [0.   1.  ]
 [0.   1.  ]
 [0.   0.43]
 [0.   0.27]
 [0.   0.37]
 [0.   1.  ]]"
"['MDVP:Fhi(Hz) > 0.22', 'spread1 <= 0.27', 'DFA <= 0.43']","[[0.       1.      ]
 [0.220001 1.      ]
 [0.       1.      ]
 [0.       1.      ]
 [0.       1.      ]
 [0.       1.      ]
 [0.       1.      ]
 [0.       1.      ]
 [0.       1.      ]
 [0.       1.      ]
 [0.       1.      ]
 [0.       1.      ]
 [0.       1.      ]
 [0.       1.      ]
 [0.       1.      ]
 [0.       1.      ]
 [0.       1.      ]
 [0.       1.      ]
 [0.       0.43    ]
 [0.       0.27    ]
 [0.       1.      ]
 [0.       1.      ]]"
"['spread2 <= 0.37', 'spread1 <= 0.27', 'HNR <= 0.69']","[[0.   1.  ]
 [0.   1.  ]
 [0.   1.  ]
 [0.   1.  ]
 [0.   1.  ]
 [0.   1.  ]
 [0.   1.  ]
 [0.   1.  ]
 [0.   1.  ]
 [0.   1.  ]
 [0.   1.  ]
 [0.   1.  ]
 [0.   1.  ]
 [0.   1.  ]
 [0.   1.  ]
 [0.   0.69]
 [0.   1.  ]
 [0.   1.  ]
 [0.   1.  ]
 [0.   0.27]
 [0.   0.37]
 [0.   1.  ]]"
"['RPDE > 0.42', 'spread1 <= 0.27', 'MDVP:Fhi(Hz) > 0.22']","[[0.       1.      ]
 [0.220001 1.      ]
 [0.       1.      ]
 [0.       1.      ]
 [0.       1.      ]
 [0.       1.      ]
 [0.       1.      ]
 [0.       1.      ]
 [0.       1.      ]
 [0.       1.      ]
 [0.       1.      ]
 [0.       1.      ]
 [0.       1.      ]
 [0.       1.      ]
 [0.       1.      ]
 [0.       1.      ]
 [0.       1.      ]
 [0.420001 1.      ]
 [0.       1.      ]
 [0.       0.27    ]
 [0.       1.      ]
 [0.       1.      ]]"
"['spread2 <= 0.37', 'spread1 <= 0.27', 'MDVP:Fo(Hz) <= 0.32']","[[0.   0.32]
 [0.   1.  ]
 [0.   1.  ]
 [0.   1.  ]
 [0.   1.  ]
 [0.   1.  ]
 [0.   1.  ]
 [0.   1.  ]
 [0.   1.  ]
 [0.   1.  ]
 [0.   1.  ]
 [0.   1.  ]
 [0.   1.  ]
 [0.   1.  ]
 [0.   1.  ]
 [0.   1.  ]
 [0.   1.  ]
 [0.   1.  ]
 [0.   1.  ]
 [0.   0.27]
 [0.   0.37]
 [0.   1.  ]]"
"['MDVP:Fhi(Hz) > 0.22', 'MDVP:Jitter(%) <= 0.04', 'MDVP:Fo(Hz) > 0.50']","[[0.500001 1.      ]
 [0.220001 1.      ]
 [0.       1.      ]
 [0.       0.04    ]
 [0.       1.      ]
 [0.       1.      ]
 [0.       1.      ]
 [0.       1.      ]
 [0.       1.      ]
 [0.       1.      ]
 [0.       1.      ]
 [0.       1.      ]
 [0.       1.      ]
 [0.       1.      ]
 [0.       1.      ]
 [0.       1.      ]
 [0.       1.      ]
 [0.       1.      ]
 [0.       1.      ]
 [0.       1.      ]
 [0.       1.      ]
 [0.       1.      ]]"
"['spread2 <= 0.37', 'spread1 <= 0.27', 'MDVP:Shimmer > 0.05']","[[0.       1.      ]
 [0.       1.      ]
 [0.       1.      ]
 [0.       1.      ]
 [0.       1.      ]
 [0.       1.      ]
 [0.       1.      ]
 [0.       1.      ]
 [0.050001 1.      ]
 [0.       1.      ]
 [0.       1.      ]
 [0.       1.      ]
 [0.       1.      ]
 [0.       1.      ]
 [0.       1.      ]
 [0.       1.      ]
 [0.       1.      ]
 [0.       1.      ]
 [0.       1.      ]
 [0.       0.27    ]
 [0.       0.37    ]
 [0.       1.      ]]"
"['MDVP:Fhi(Hz) > 0.22', 'MDVP:Jitter(%) <= 0.04', 'MDVP:Fo(Hz) > 0.50']","[[0.500001 1.      ]
 [0.220001 1.      ]
 [0.       1.      ]
 [0.       0.04    ]
 [0.       1.      ]
 [0.       1.      ]
 [0.       1.      ]
 [0.       1.      ]
 [0.       1.      ]
 [0.       1.      ]
 [0.       1.      ]
 [0.       1.      ]
 [0.       1.      ]
 [0.       1.      ]
 [0.       1.      ]
 [0.       1.      ]
 [0.       1.      ]
 [0.       1.      ]
 [0.       1.      ]
 [0.       1.      ]
 [0.       1.      ]
 [0.       1.      ]]"
"['spread2 > 0.37', 'Jitter:DDP > 0.08']","[[0.       1.      ]
 [0.       1.      ]
 [0.       1.      ]
 [0.       1.      ]
 [0.       1.      ]
 [0.       1.      ]
 [0.       1.      ]
 [0.080001 1.      ]
 [0.       1.      ]
 [0.       1.      ]
 [0.       1.      ]
 [0.       1.      ]
 [0.       1.      ]
 [0.       1.      ]
 [0.       1.      ]
 [0.       1.      ]
 [0.       1.      ]
 [0.       1.      ]
 [0.       1.      ]
 [0.       1.      ]
 [0.370001 1.      ]
 [0.       1.      ]]"
"['spread2 > 0.60', 'MDVP:Jitter(Abs) > 0.05']","[[0.       1.      ]
 [0.       1.      ]
 [0.       1.      ]
 [0.       1.      ]
 [0.050001 1.      ]
 [0.       1.      ]
 [0.       1.      ]
 [0.       1.      ]
 [0.       1.      ]
 [0.       1.      ]
 [0.       1.      ]
 [0.       1.      ]
 [0.       1.      ]
 [0.       1.      ]
 [0.       1.      ]
 [0.       1.      ]
 [0.       1.      ]
 [0.       1.      ]
 [0.       1.      ]
 [0.       1.      ]
 [0.600001 1.      ]
 [0.       1.      ]]"
"['DFA > 0.69', 'MDVP:Jitter(Abs) > 0.18']","[[0.       1.      ]
 [0.       1.      ]
 [0.       1.      ]
 [0.       1.      ]
 [0.180001 1.      ]
 [0.       1.      ]
 [0.       1.      ]
 [0.       1.      ]
 [0.       1.      ]
 [0.       1.      ]
 [0.       1.      ]
 [0.       1.      ]
 [0.       1.      ]
 [0.       1.      ]
 [0.       1.      ]
 [0.       1.      ]
 [0.       1.      ]
 [0.       1.      ]
 [0.690001 1.      ]
 [0.       1.      ]
 [0.       1.      ]
 [0.       1.      ]]"
"['spread2 > 0.51', 'MDVP:Fhi(Hz) <= 0.12']","[[0.       1.      ]
 [0.       0.12    ]
 [0.       1.      ]
 [0.       1.      ]
 [0.       1.      ]
 [0.       1.      ]
 [0.       1.      ]
 [0.       1.      ]
 [0.       1.      ]
 [0.       1.      ]
 [0.       1.      ]
 [0.       1.      ]
 [0.       1.      ]
 [0.       1.      ]
 [0.       1.      ]
 [0.       1.      ]
 [0.       1.      ]
 [0.       1.      ]
 [0.       1.      ]
 [0.       1.      ]
 [0.510001 1.      ]
 [0.       1.      ]]"
"['spread2 > 0.60', 'MDVP:Jitter(Abs) > 0.05']","[[0.       1.      ]
 [0.       1.      ]
 [0.       1.      ]
 [0.       1.      ]
 [0.050001 1.      ]
 [0.       1.      ]
 [0.       1.      ]
 [0.       1.      ]
 [0.       1.      ]
 [0.       1.      ]
 [0.       1.      ]
 [0.       1.      ]
 [0.       1.      ]
 [0.       1.      ]
 [0.       1.      ]
 [0.       1.      ]
 [0.       1.      ]
 [0.       1.      ]
 [0.       1.      ]
 [0.       1.      ]
 [0.600001 1.      ]
 [0.       1.      ]]"
"['spread2 > 0.60', 'MDVP:Jitter(Abs) > 0.05']","[[0.       1.      ]
 [0.       1.      ]
 [0.       1.      ]
 [0.       1.      ]
 [0.050001 1.      ]
 [0.       1.      ]
 [0.       1.      ]
 [0.       1.      ]
 [0.       1.      ]
 [0.       1.      ]
 [0.       1.      ]
 [0.       1.      ]
 [0.       1.      ]
 [0.       1.      ]
 [0.       1.      ]
 [0.       1.      ]
 [0.       1.      ]
 [0.       1.      ]
 [0.       1.      ]
 [0.       1.      ]
 [0.600001 1.      ]
 [0.       1.      ]]"
"['spread2 > 0.37', 'MDVP:APQ > 0.08']","[[0.       1.      ]
 [0.       1.      ]
 [0.       1.      ]
 [0.       1.      ]
 [0.       1.      ]
 [0.       1.      ]
 [0.       1.      ]
 [0.       1.      ]
 [0.       1.      ]
 [0.       1.      ]
 [0.       1.      ]
 [0.       1.      ]
 [0.080001 1.      ]
 [0.       1.      ]
 [0.       1.      ]
 [0.       1.      ]
 [0.       1.      ]
 [0.       1.      ]
 [0.       1.      ]
 [0.       1.      ]
 [0.370001 1.      ]
 [0.       1.      ]]"
"['spread2 > 0.60', 'MDVP:Jitter(Abs) > 0.05']","[[0.       1.      ]
 [0.       1.      ]
 [0.       1.      ]
 [0.       1.      ]
 [0.050001 1.      ]
 [0.       1.      ]
 [0.       1.      ]
 [0.       1.      ]
 [0.       1.      ]
 [0.       1.      ]
 [0.       1.      ]
 [0.       1.      ]
 [0.       1.      ]
 [0.       1.      ]
 [0.       1.      ]
 [0.       1.      ]
 [0.       1.      ]
 [0.       1.      ]
 [0.       1.      ]
 [0.       1.      ]
 [0.600001 1.      ]
 [0.       1.      ]]"
"['spread2 > 0.60', 'MDVP:Jitter(Abs) > 0.05']","[[0.       1.      ]
 [0.       1.      ]
 [0.       1.      ]
 [0.       1.      ]
 [0.050001 1.      ]
 [0.       1.      ]
 [0.       1.      ]
 [0.       1.      ]
 [0.       1.      ]
 [0.       1.      ]
 [0.       1.      ]
 [0.       1.      ]
 [0.       1.      ]
 [0.       1.      ]
 [0.       1.      ]
 [0.       1.      ]
 [0.       1.      ]
 [0.       1.      ]
 [0.       1.      ]
 [0.       1.      ]
 [0.600001 1.      ]
 [0.       1.      ]]"
"['spread2 > 0.51', 'MDVP:Flo(Hz) <= 0.13']","[[0.       1.      ]
 [0.       1.      ]
 [0.       0.13    ]
 [0.       1.      ]
 [0.       1.      ]
 [0.       1.      ]
 [0.       1.      ]
 [0.       1.      ]
 [0.       1.      ]
 [0.       1.      ]
 [0.       1.      ]
 [0.       1.      ]
 [0.       1.      ]
 [0.       1.      ]
 [0.       1.      ]
 [0.       1.      ]
 [0.       1.      ]
 [0.       1.      ]
 [0.       1.      ]
 [0.       1.      ]
 [0.510001 1.      ]
 [0.       1.      ]]"
"['Jitter:DDP > 0.08', 'MDVP:Shimmer(dB) > 0.21']","[[0.       1.      ]
 [0.       1.      ]
 [0.       1.      ]
 [0.       1.      ]
 [0.       1.      ]
 [0.       1.      ]
 [0.       1.      ]
 [0.080001 1.      ]
 [0.210001 1.      ]
 [0.210001 1.      ]
 [0.       1.      ]
 [0.       1.      ]
 [0.       1.      ]
 [0.       1.      ]
 [0.       1.      ]
 [0.       1.      ]
 [0.       1.      ]
 [0.       1.      ]
 [0.       1.      ]
 [0.       1.      ]
 [0.       1.      ]
 [0.       1.      ]]"
"['spread1 > 0.43', 'MDVP:Fhi(Hz) <= 0.12']","[[0.       1.      ]
 [0.       0.12    ]
 [0.       1.      ]
 [0.       1.      ]
 [0.       1.      ]
 [0.       1.      ]
 [0.       1.      ]
 [0.       1.      ]
 [0.       1.      ]
 [0.       1.      ]
 [0.       1.      ]
 [0.       1.      ]
 [0.       1.      ]
 [0.       1.      ]
 [0.       1.      ]
 [0.       1.      ]
 [0.       1.      ]
 [0.       1.      ]
 [0.       1.      ]
 [0.430001 1.      ]
 [0.       1.      ]
 [0.       1.      ]]"
"['spread2 > 0.37', 'RPDE > 0.83']","[[0.       1.      ]
 [0.       1.      ]
 [0.       1.      ]
 [0.       1.      ]
 [0.       1.      ]
 [0.       1.      ]
 [0.       1.      ]
 [0.       1.      ]
 [0.       1.      ]
 [0.       1.      ]
 [0.       1.      ]
 [0.       1.      ]
 [0.       1.      ]
 [0.       1.      ]
 [0.       1.      ]
 [0.       1.      ]
 [0.       1.      ]
 [0.830001 1.      ]
 [0.       1.      ]
 [0.       1.      ]
 [0.370001 1.      ]
 [0.       1.      ]]"
"['spread2 > 0.51', 'MDVP:PPQ > 0.03']","[[0.       1.      ]
 [0.       1.      ]
 [0.       1.      ]
 [0.       1.      ]
 [0.       1.      ]
 [0.       1.      ]
 [0.030001 1.      ]
 [0.       1.      ]
 [0.       1.      ]
 [0.       1.      ]
 [0.       1.      ]
 [0.       1.      ]
 [0.       1.      ]
 [0.       1.      ]
 [0.       1.      ]
 [0.       1.      ]
 [0.       1.      ]
 [0.       1.      ]
 [0.       1.      ]
 [0.       1.      ]
 [0.510001 1.      ]
 [0.       1.      ]]"
"['spread2 > 0.37', 'Jitter:DDP > 0.08']","[[0.       1.      ]
 [0.       1.      ]
 [0.       1.      ]
 [0.       1.      ]
 [0.       1.      ]
 [0.       1.      ]
 [0.       1.      ]
 [0.080001 1.      ]
 [0.       1.      ]
 [0.       1.      ]
 [0.       1.      ]
 [0.       1.      ]
 [0.       1.      ]
 [0.       1.      ]
 [0.       1.      ]
 [0.       1.      ]
 [0.       1.      ]
 [0.       1.      ]
 [0.       1.      ]
 [0.       1.      ]
 [0.370001 1.      ]
 [0.       1.      ]]"
"['spread2 > 0.37', 'MDVP:Jitter(%) > 0.04', 'Shimmer:DDA <= 0.14']","[[0.       1.      ]
 [0.       1.      ]
 [0.       1.      ]
 [0.040001 1.      ]
 [0.       1.      ]
 [0.       1.      ]
 [0.       1.      ]
 [0.       1.      ]
 [0.       1.      ]
 [0.       1.      ]
 [0.       1.      ]
 [0.       1.      ]
 [0.       1.      ]
 [0.       0.14    ]
 [0.       1.      ]
 [0.       1.      ]
 [0.       1.      ]
 [0.       1.      ]
 [0.       1.      ]
 [0.       1.      ]
 [0.370001 1.      ]
 [0.       1.      ]]"
"['spread2 > 0.60', 'MDVP:Jitter(Abs) > 0.05']","[[0.       1.      ]
 [0.       1.      ]
 [0.       1.      ]
 [0.       1.      ]
 [0.050001 1.      ]
 [0.       1.      ]
 [0.       1.      ]
 [0.       1.      ]
 [0.       1.      ]
 [0.       1.      ]
 [0.       1.      ]
 [0.       1.      ]
 [0.       1.      ]
 [0.       1.      ]
 [0.       1.      ]
 [0.       1.      ]
 [0.       1.      ]
 [0.       1.      ]
 [0.       1.      ]
 [0.       1.      ]
 [0.600001 1.      ]
 [0.       1.      ]]"
"['spread2 > 0.37', 'NHR > 0.03']","[[0.       1.      ]
 [0.       1.      ]
 [0.       1.      ]
 [0.       1.      ]
 [0.       1.      ]
 [0.       1.      ]
 [0.       1.      ]
 [0.       1.      ]
 [0.       1.      ]
 [0.       1.      ]
 [0.       1.      ]
 [0.       1.      ]
 [0.       1.      ]
 [0.       1.      ]
 [0.030001 1.      ]
 [0.       1.      ]
 [0.       1.      ]
 [0.       1.      ]
 [0.       1.      ]
 [0.       1.      ]
 [0.370001 1.      ]
 [0.       1.      ]]"
"['spread2 > 0.51', 'MDVP:Fhi(Hz) <= 0.12']","[[0.       1.      ]
 [0.       0.12    ]
 [0.       1.      ]
 [0.       1.      ]
 [0.       1.      ]
 [0.       1.      ]
 [0.       1.      ]
 [0.       1.      ]
 [0.       1.      ]
 [0.       1.      ]
 [0.       1.      ]
 [0.       1.      ]
 [0.       1.      ]
 [0.       1.      ]
 [0.       1.      ]
 [0.       1.      ]
 [0.       1.      ]
 [0.       1.      ]
 [0.       1.      ]
 [0.       1.      ]
 [0.510001 1.      ]
 [0.       1.      ]]"
"['spread2 > 0.60', 'HNR <= 0.59']","[[0.       1.      ]
 [0.       1.      ]
 [0.       1.      ]
 [0.       1.      ]
 [0.       1.      ]
 [0.       1.      ]
 [0.       1.      ]
 [0.       1.      ]
 [0.       1.      ]
 [0.       1.      ]
 [0.       1.      ]
 [0.       1.      ]
 [0.       1.      ]
 [0.       1.      ]
 [0.       1.      ]
 [0.       0.59    ]
 [0.       1.      ]
 [0.       1.      ]
 [0.       1.      ]
 [0.       1.      ]
 [0.600001 1.      ]
 [0.       1.      ]]"
"['spread2 > 0.60', 'MDVP:Jitter(Abs) > 0.05']","[[0.       1.      ]
 [0.       1.      ]
 [0.       1.      ]
 [0.       1.      ]
 [0.050001 1.      ]
 [0.       1.      ]
 [0.       1.      ]
 [0.       1.      ]
 [0.       1.      ]
 [0.       1.      ]
 [0.       1.      ]
 [0.       1.      ]
 [0.       1.      ]
 [0.       1.      ]
 [0.       1.      ]
 [0.       1.      ]
 [0.       1.      ]
 [0.       1.      ]
 [0.       1.      ]
 [0.       1.      ]
 [0.600001 1.      ]
 [0.       1.      ]]"
"['spread1 > 0.27', 'HNR <= 0.43']","[[0.       1.      ]
 [0.       1.      ]
 [0.       1.      ]
 [0.       1.      ]
 [0.       1.      ]
 [0.       1.      ]
 [0.       1.      ]
 [0.       1.      ]
 [0.       1.      ]
 [0.       1.      ]
 [0.       1.      ]
 [0.       1.      ]
 [0.       1.      ]
 [0.       1.      ]
 [0.       1.      ]
 [0.       0.43    ]
 [0.       1.      ]
 [0.       1.      ]
 [0.       1.      ]
 [0.270001 1.      ]
 [0.       1.      ]
 [0.       1.      ]]"
"['spread2 > 0.51', 'MDVP:Fhi(Hz) <= 0.12']","[[0.       1.      ]
 [0.       0.12    ]
 [0.       1.      ]
 [0.       1.      ]
 [0.       1.      ]
 [0.       1.      ]
 [0.       1.      ]
 [0.       1.      ]
 [0.       1.      ]
 [0.       1.      ]
 [0.       1.      ]
 [0.       1.      ]
 [0.       1.      ]
 [0.       1.      ]
 [0.       1.      ]
 [0.       1.      ]
 [0.       1.      ]
 [0.       1.      ]
 [0.       1.      ]
 [0.       1.      ]
 [0.510001 1.      ]
 [0.       1.      ]]"
"['spread2 > 0.37', 'HNR <= 0.59']","[[0.       1.      ]
 [0.       1.      ]
 [0.       1.      ]
 [0.       1.      ]
 [0.       1.      ]
 [0.       1.      ]
 [0.       1.      ]
 [0.       1.      ]
 [0.       1.      ]
 [0.       1.      ]
 [0.       1.      ]
 [0.       1.      ]
 [0.       1.      ]
 [0.       1.      ]
 [0.       1.      ]
 [0.       0.59    ]
 [0.       1.      ]
 [0.       1.      ]
 [0.       1.      ]
 [0.       1.      ]
 [0.370001 1.      ]
 [0.       1.      ]]"
"['spread1 > 0.49', 'MDVP:Fhi(Hz) <= 0.06']","[[0.       1.      ]
 [0.       0.06    ]
 [0.       1.      ]
 [0.       1.      ]
 [0.       1.      ]
 [0.       1.      ]
 [0.       1.      ]
 [0.       1.      ]
 [0.       1.      ]
 [0.       1.      ]
 [0.       1.      ]
 [0.       1.      ]
 [0.       1.      ]
 [0.       1.      ]
 [0.       1.      ]
 [0.       1.      ]
 [0.       1.      ]
 [0.       1.      ]
 [0.       1.      ]
 [0.490001 1.      ]
 [0.       1.      ]
 [0.       1.      ]]"
"['MDVP:Fhi(Hz) <= 0.06', 'MDVP:Jitter(%) > 0.04']","[[0.       1.      ]
 [0.       0.06    ]
 [0.       1.      ]
 [0.040001 1.      ]
 [0.       1.      ]
 [0.       1.      ]
 [0.       1.      ]
 [0.       1.      ]
 [0.       1.      ]
 [0.       1.      ]
 [0.       1.      ]
 [0.       1.      ]
 [0.       1.      ]
 [0.       1.      ]
 [0.       1.      ]
 [0.       1.      ]
 [0.       1.      ]
 [0.       1.      ]
 [0.       1.      ]
 [0.       1.      ]
 [0.       1.      ]
 [0.       1.      ]]"
"['spread2 > 0.60', 'MDVP:Jitter(Abs) > 0.05']","[[0.       1.      ]
 [0.       1.      ]
 [0.       1.      ]
 [0.       1.      ]
 [0.050001 1.      ]
 [0.       1.      ]
 [0.       1.      ]
 [0.       1.      ]
 [0.       1.      ]
 [0.       1.      ]
 [0.       1.      ]
 [0.       1.      ]
 [0.       1.      ]
 [0.       1.      ]
 [0.       1.      ]
 [0.       1.      ]
 [0.       1.      ]
 [0.       1.      ]
 [0.       1.      ]
 [0.       1.      ]
 [0.600001 1.      ]
 [0.       1.      ]]"
"['DFA > 0.69', 'MDVP:Jitter(%) > 0.04', 'MDVP:Shimmer <= 0.05']","[[0.       1.      ]
 [0.       1.      ]
 [0.       1.      ]
 [0.040001 1.      ]
 [0.       1.      ]
 [0.       1.      ]
 [0.       1.      ]
 [0.       1.      ]
 [0.       0.05    ]
 [0.       1.      ]
 [0.       1.      ]
 [0.       1.      ]
 [0.       1.      ]
 [0.       1.      ]
 [0.       1.      ]
 [0.       1.      ]
 [0.       1.      ]
 [0.       1.      ]
 [0.690001 1.      ]
 [0.       1.      ]
 [0.       1.      ]
 [0.       1.      ]]"
"['spread2 > 0.37', 'Jitter:DDP > 0.08']","[[0.       1.      ]
 [0.       1.      ]
 [0.       1.      ]
 [0.       1.      ]
 [0.       1.      ]
 [0.       1.      ]
 [0.       1.      ]
 [0.080001 1.      ]
 [0.       1.      ]
 [0.       1.      ]
 [0.       1.      ]
 [0.       1.      ]
 [0.       1.      ]
 [0.       1.      ]
 [0.       1.      ]
 [0.       1.      ]
 [0.       1.      ]
 [0.       1.      ]
 [0.       1.      ]
 [0.       1.      ]
 [0.370001 1.      ]
 [0.       1.      ]]"
"['spread1 > 0.49', 'MDVP:RAP > 0.08']","[[0.       1.      ]
 [0.       1.      ]
 [0.       1.      ]
 [0.       1.      ]
 [0.       1.      ]
 [0.080001 1.      ]
 [0.       1.      ]
 [0.       1.      ]
 [0.       1.      ]
 [0.       1.      ]
 [0.       1.      ]
 [0.       1.      ]
 [0.       1.      ]
 [0.       1.      ]
 [0.       1.      ]
 [0.       1.      ]
 [0.       1.      ]
 [0.       1.      ]
 [0.       1.      ]
 [0.490001 1.      ]
 [0.       1.      ]
 [0.       1.      ]]"
"['spread2 > 0.37', 'MDVP:Jitter(%) > 0.04', 'Shimmer:DDA <= 0.14']","[[0.       1.      ]
 [0.       1.      ]
 [0.       1.      ]
 [0.040001 1.      ]
 [0.       1.      ]
 [0.       1.      ]
 [0.       1.      ]
 [0.       1.      ]
 [0.       1.      ]
 [0.       1.      ]
 [0.       1.      ]
 [0.       1.      ]
 [0.       1.      ]
 [0.       0.14    ]
 [0.       1.      ]
 [0.       1.      ]
 [0.       1.      ]
 [0.       1.      ]
 [0.       1.      ]
 [0.       1.      ]
 [0.370001 1.      ]
 [0.       1.      ]]"
"['spread1 > 0.43', 'Jitter:DDP > 0.08']","[[0.       1.      ]
 [0.       1.      ]
 [0.       1.      ]
 [0.       1.      ]
 [0.       1.      ]
 [0.       1.      ]
 [0.       1.      ]
 [0.080001 1.      ]
 [0.       1.      ]
 [0.       1.      ]
 [0.       1.      ]
 [0.       1.      ]
 [0.       1.      ]
 [0.       1.      ]
 [0.       1.      ]
 [0.       1.      ]
 [0.       1.      ]
 [0.       1.      ]
 [0.       1.      ]
 [0.430001 1.      ]
 [0.       1.      ]
 [0.       1.      ]]"
"['spread2 > 0.60', 'MDVP:Jitter(Abs) > 0.05']","[[0.       1.      ]
 [0.       1.      ]
 [0.       1.      ]
 [0.       1.      ]
 [0.050001 1.      ]
 [0.       1.      ]
 [0.       1.      ]
 [0.       1.      ]
 [0.       1.      ]
 [0.       1.      ]
 [0.       1.      ]
 [0.       1.      ]
 [0.       1.      ]
 [0.       1.      ]
 [0.       1.      ]
 [0.       1.      ]
 [0.       1.      ]
 [0.       1.      ]
 [0.       1.      ]
 [0.       1.      ]
 [0.600001 1.      ]
 [0.       1.      ]]"
"['MDVP:Fhi(Hz) <= 0.06', 'MDVP:Jitter(%) > 0.04']","[[0.       1.      ]
 [0.       0.06    ]
 [0.       1.      ]
 [0.040001 1.      ]
 [0.       1.      ]
 [0.       1.      ]
 [0.       1.      ]
 [0.       1.      ]
 [0.       1.      ]
 [0.       1.      ]
 [0.       1.      ]
 [0.       1.      ]
 [0.       1.      ]
 [0.       1.      ]
 [0.       1.      ]
 [0.       1.      ]
 [0.       1.      ]
 [0.       1.      ]
 [0.       1.      ]
 [0.       1.      ]
 [0.       1.      ]
 [0.       1.      ]]"
"['spread2 > 0.37', 'MDVP:Fhi(Hz) <= 0.22', 'DFA <= 0.43']","[[0.       1.      ]
 [0.       0.22    ]
 [0.       1.      ]
 [0.       1.      ]
 [0.       1.      ]
 [0.       1.      ]
 [0.       1.      ]
 [0.       1.      ]
 [0.       1.      ]
 [0.       1.      ]
 [0.       1.      ]
 [0.       1.      ]
 [0.       1.      ]
 [0.       1.      ]
 [0.       1.      ]
 [0.       1.      ]
 [0.       1.      ]
 [0.       1.      ]
 [0.       0.43    ]
 [0.       1.      ]
 [0.370001 1.      ]
 [0.       1.      ]]"
"['spread2 > 0.37', 'Jitter:DDP > 0.08']","[[0.       1.      ]
 [0.       1.      ]
 [0.       1.      ]
 [0.       1.      ]
 [0.       1.      ]
 [0.       1.      ]
 [0.       1.      ]
 [0.080001 1.      ]
 [0.       1.      ]
 [0.       1.      ]
 [0.       1.      ]
 [0.       1.      ]
 [0.       1.      ]
 [0.       1.      ]
 [0.       1.      ]
 [0.       1.      ]
 [0.       1.      ]
 [0.       1.      ]
 [0.       1.      ]
 [0.       1.      ]
 [0.370001 1.      ]
 [0.       1.      ]]"
"['spread2 > 0.37', 'Jitter:DDP > 0.08']","[[0.       1.      ]
 [0.       1.      ]
 [0.       1.      ]
 [0.       1.      ]
 [0.       1.      ]
 [0.       1.      ]
 [0.       1.      ]
 [0.080001 1.      ]
 [0.       1.      ]
 [0.       1.      ]
 [0.       1.      ]
 [0.       1.      ]
 [0.       1.      ]
 [0.       1.      ]
 [0.       1.      ]
 [0.       1.      ]
 [0.       1.      ]
 [0.       1.      ]
 [0.       1.      ]
 [0.       1.      ]
 [0.370001 1.      ]
 [0.       1.      ]]"
"['spread2 > 0.37', 'Jitter:DDP > 0.08']","[[0.       1.      ]
 [0.       1.      ]
 [0.       1.      ]
 [0.       1.      ]
 [0.       1.      ]
 [0.       1.      ]
 [0.       1.      ]
 [0.080001 1.      ]
 [0.       1.      ]
 [0.       1.      ]
 [0.       1.      ]
 [0.       1.      ]
 [0.       1.      ]
 [0.       1.      ]
 [0.       1.      ]
 [0.       1.      ]
 [0.       1.      ]
 [0.       1.      ]
 [0.       1.      ]
 [0.       1.      ]
 [0.370001 1.      ]
 [0.       1.      ]]"
"['spread2 > 0.37', 'MDVP:Fhi(Hz) <= 0.06']","[[0.       1.      ]
 [0.       0.06    ]
 [0.       1.      ]
 [0.       1.      ]
 [0.       1.      ]
 [0.       1.      ]
 [0.       1.      ]
 [0.       1.      ]
 [0.       1.      ]
 [0.       1.      ]
 [0.       1.      ]
 [0.       1.      ]
 [0.       1.      ]
 [0.       1.      ]
 [0.       1.      ]
 [0.       1.      ]
 [0.       1.      ]
 [0.       1.      ]
 [0.       1.      ]
 [0.       1.      ]
 [0.370001 1.      ]
 [0.       1.      ]]"
"['spread2 > 0.51', 'MDVP:Jitter(Abs) > 0.05']","[[0.       1.      ]
 [0.       1.      ]
 [0.       1.      ]
 [0.       1.      ]
 [0.050001 1.      ]
 [0.       1.      ]
 [0.       1.      ]
 [0.       1.      ]
 [0.       1.      ]
 [0.       1.      ]
 [0.       1.      ]
 [0.       1.      ]
 [0.       1.      ]
 [0.       1.      ]
 [0.       1.      ]
 [0.       1.      ]
 [0.       1.      ]
 [0.       1.      ]
 [0.       1.      ]
 [0.       1.      ]
 [0.510001 1.      ]
 [0.       1.      ]]"
"['DFA > 0.59', 'MDVP:Fhi(Hz) <= 0.06']","[[0.       1.      ]
 [0.       0.06    ]
 [0.       1.      ]
 [0.       1.      ]
 [0.       1.      ]
 [0.       1.      ]
 [0.       1.      ]
 [0.       1.      ]
 [0.       1.      ]
 [0.       1.      ]
 [0.       1.      ]
 [0.       1.      ]
 [0.       1.      ]
 [0.       1.      ]
 [0.       1.      ]
 [0.       1.      ]
 [0.       1.      ]
 [0.       1.      ]
 [0.590001 1.      ]
 [0.       1.      ]
 [0.       1.      ]
 [0.       1.      ]]"
"['spread2 > 0.37', 'MDVP:PPQ > 0.03', 'Shimmer:DDA <= 0.14']","[[0.       1.      ]
 [0.       1.      ]
 [0.       1.      ]
 [0.       1.      ]
 [0.       1.      ]
 [0.       1.      ]
 [0.030001 1.      ]
 [0.       1.      ]
 [0.       1.      ]
 [0.       1.      ]
 [0.       1.      ]
 [0.       1.      ]
 [0.       1.      ]
 [0.       0.14    ]
 [0.       1.      ]
 [0.       1.      ]
 [0.       1.      ]
 [0.       1.      ]
 [0.       1.      ]
 [0.       1.      ]
 [0.370001 1.      ]
 [0.       1.      ]]"
"['spread2 > 0.37', 'MDVP:Jitter(%) > 0.04', 'Shimmer:DDA <= 0.14']","[[0.       1.      ]
 [0.       1.      ]
 [0.       1.      ]
 [0.040001 1.      ]
 [0.       1.      ]
 [0.       1.      ]
 [0.       1.      ]
 [0.       1.      ]
 [0.       1.      ]
 [0.       1.      ]
 [0.       1.      ]
 [0.       1.      ]
 [0.       1.      ]
 [0.       0.14    ]
 [0.       1.      ]
 [0.       1.      ]
 [0.       1.      ]
 [0.       1.      ]
 [0.       1.      ]
 [0.       1.      ]
 [0.370001 1.      ]
 [0.       1.      ]]"
"['spread2 > 0.60', 'MDVP:Jitter(Abs) > 0.05']","[[0.       1.      ]
 [0.       1.      ]
 [0.       1.      ]
 [0.       1.      ]
 [0.050001 1.      ]
 [0.       1.      ]
 [0.       1.      ]
 [0.       1.      ]
 [0.       1.      ]
 [0.       1.      ]
 [0.       1.      ]
 [0.       1.      ]
 [0.       1.      ]
 [0.       1.      ]
 [0.       1.      ]
 [0.       1.      ]
 [0.       1.      ]
 [0.       1.      ]
 [0.       1.      ]
 [0.       1.      ]
 [0.600001 1.      ]
 [0.       1.      ]]"
"['spread2 > 0.60', 'MDVP:Jitter(Abs) > 0.05']","[[0.       1.      ]
 [0.       1.      ]
 [0.       1.      ]
 [0.       1.      ]
 [0.050001 1.      ]
 [0.       1.      ]
 [0.       1.      ]
 [0.       1.      ]
 [0.       1.      ]
 [0.       1.      ]
 [0.       1.      ]
 [0.       1.      ]
 [0.       1.      ]
 [0.       1.      ]
 [0.       1.      ]
 [0.       1.      ]
 [0.       1.      ]
 [0.       1.      ]
 [0.       1.      ]
 [0.       1.      ]
 [0.600001 1.      ]
 [0.       1.      ]]"
"['spread2 > 0.37', 'MDVP:Fhi(Hz) <= 0.06']","[[0.       1.      ]
 [0.       0.06    ]
 [0.       1.      ]
 [0.       1.      ]
 [0.       1.      ]
 [0.       1.      ]
 [0.       1.      ]
 [0.       1.      ]
 [0.       1.      ]
 [0.       1.      ]
 [0.       1.      ]
 [0.       1.      ]
 [0.       1.      ]
 [0.       1.      ]
 [0.       1.      ]
 [0.       1.      ]
 [0.       1.      ]
 [0.       1.      ]
 [0.       1.      ]
 [0.       1.      ]
 [0.370001 1.      ]
 [0.       1.      ]]"
"['spread1 > 0.27', 'MDVP:Fhi(Hz) <= 0.06']","[[0.       1.      ]
 [0.       0.06    ]
 [0.       1.      ]
 [0.       1.      ]
 [0.       1.      ]
 [0.       1.      ]
 [0.       1.      ]
 [0.       1.      ]
 [0.       1.      ]
 [0.       1.      ]
 [0.       1.      ]
 [0.       1.      ]
 [0.       1.      ]
 [0.       1.      ]
 [0.       1.      ]
 [0.       1.      ]
 [0.       1.      ]
 [0.       1.      ]
 [0.       1.      ]
 [0.270001 1.      ]
 [0.       1.      ]
 [0.       1.      ]]"
"['spread2 > 0.60', 'MDVP:Jitter(Abs) > 0.05']","[[0.       1.      ]
 [0.       1.      ]
 [0.       1.      ]
 [0.       1.      ]
 [0.050001 1.      ]
 [0.       1.      ]
 [0.       1.      ]
 [0.       1.      ]
 [0.       1.      ]
 [0.       1.      ]
 [0.       1.      ]
 [0.       1.      ]
 [0.       1.      ]
 [0.       1.      ]
 [0.       1.      ]
 [0.       1.      ]
 [0.       1.      ]
 [0.       1.      ]
 [0.       1.      ]
 [0.       1.      ]
 [0.600001 1.      ]
 [0.       1.      ]]"
"['spread1 > 0.43', 'MDVP:Fhi(Hz) <= 0.12']","[[0.       1.      ]
 [0.       0.12    ]
 [0.       1.      ]
 [0.       1.      ]
 [0.       1.      ]
 [0.       1.      ]
 [0.       1.      ]
 [0.       1.      ]
 [0.       1.      ]
 [0.       1.      ]
 [0.       1.      ]
 [0.       1.      ]
 [0.       1.      ]
 [0.       1.      ]
 [0.       1.      ]
 [0.       1.      ]
 [0.       1.      ]
 [0.       1.      ]
 [0.       1.      ]
 [0.430001 1.      ]
 [0.       1.      ]
 [0.       1.      ]]"
"['spread2 > 0.51', 'MDVP:Fhi(Hz) <= 0.12']","[[0.       1.      ]
 [0.       0.12    ]
 [0.       1.      ]
 [0.       1.      ]
 [0.       1.      ]
 [0.       1.      ]
 [0.       1.      ]
 [0.       1.      ]
 [0.       1.      ]
 [0.       1.      ]
 [0.       1.      ]
 [0.       1.      ]
 [0.       1.      ]
 [0.       1.      ]
 [0.       1.      ]
 [0.       1.      ]
 [0.       1.      ]
 [0.       1.      ]
 [0.       1.      ]
 [0.       1.      ]
 [0.510001 1.      ]
 [0.       1.      ]]"
"['spread1 > 0.43', 'PPE > 0.35']","[[0.       1.      ]
 [0.       1.      ]
 [0.       1.      ]
 [0.       1.      ]
 [0.       1.      ]
 [0.       1.      ]
 [0.       1.      ]
 [0.       1.      ]
 [0.       1.      ]
 [0.       1.      ]
 [0.       1.      ]
 [0.       1.      ]
 [0.       1.      ]
 [0.       1.      ]
 [0.       1.      ]
 [0.       1.      ]
 [0.350001 1.      ]
 [0.       1.      ]
 [0.       1.      ]
 [0.430001 1.      ]
 [0.       1.      ]
 [0.       1.      ]]"
"['spread2 > 0.51', 'MDVP:RAP > 0.08']","[[0.       1.      ]
 [0.       1.      ]
 [0.       1.      ]
 [0.       1.      ]
 [0.       1.      ]
 [0.080001 1.      ]
 [0.       1.      ]
 [0.       1.      ]
 [0.       1.      ]
 [0.       1.      ]
 [0.       1.      ]
 [0.       1.      ]
 [0.       1.      ]
 [0.       1.      ]
 [0.       1.      ]
 [0.       1.      ]
 [0.       1.      ]
 [0.       1.      ]
 [0.       1.      ]
 [0.       1.      ]
 [0.510001 1.      ]
 [0.       1.      ]]"
"['spread2 > 0.60', 'MDVP:Jitter(Abs) > 0.05']","[[0.       1.      ]
 [0.       1.      ]
 [0.       1.      ]
 [0.       1.      ]
 [0.050001 1.      ]
 [0.       1.      ]
 [0.       1.      ]
 [0.       1.      ]
 [0.       1.      ]
 [0.       1.      ]
 [0.       1.      ]
 [0.       1.      ]
 [0.       1.      ]
 [0.       1.      ]
 [0.       1.      ]
 [0.       1.      ]
 [0.       1.      ]
 [0.       1.      ]
 [0.       1.      ]
 [0.       1.      ]
 [0.600001 1.      ]
 [0.       1.      ]]"
"['spread1 > 0.43', 'MDVP:Flo(Hz) <= 0.13']","[[0.       1.      ]
 [0.       1.      ]
 [0.       0.13    ]
 [0.       1.      ]
 [0.       1.      ]
 [0.       1.      ]
 [0.       1.      ]
 [0.       1.      ]
 [0.       1.      ]
 [0.       1.      ]
 [0.       1.      ]
 [0.       1.      ]
 [0.       1.      ]
 [0.       1.      ]
 [0.       1.      ]
 [0.       1.      ]
 [0.       1.      ]
 [0.       1.      ]
 [0.       1.      ]
 [0.430001 1.      ]
 [0.       1.      ]
 [0.       1.      ]]"
"['spread2 > 0.51', 'MDVP:Fhi(Hz) <= 0.12']","[[0.       1.      ]
 [0.       0.12    ]
 [0.       1.      ]
 [0.       1.      ]
 [0.       1.      ]
 [0.       1.      ]
 [0.       1.      ]
 [0.       1.      ]
 [0.       1.      ]
 [0.       1.      ]
 [0.       1.      ]
 [0.       1.      ]
 [0.       1.      ]
 [0.       1.      ]
 [0.       1.      ]
 [0.       1.      ]
 [0.       1.      ]
 [0.       1.      ]
 [0.       1.      ]
 [0.       1.      ]
 [0.510001 1.      ]
 [0.       1.      ]]"
"['spread1 > 0.27', 'Jitter:DDP > 0.13']","[[0.       1.      ]
 [0.       1.      ]
 [0.       1.      ]
 [0.       1.      ]
 [0.       1.      ]
 [0.       1.      ]
 [0.       1.      ]
 [0.130001 1.      ]
 [0.       1.      ]
 [0.       1.      ]
 [0.       1.      ]
 [0.       1.      ]
 [0.       1.      ]
 [0.       1.      ]
 [0.       1.      ]
 [0.       1.      ]
 [0.       1.      ]
 [0.       1.      ]
 [0.       1.      ]
 [0.270001 1.      ]
 [0.       1.      ]
 [0.       1.      ]]"
"['spread2 > 0.37', 'MDVP:Flo(Hz) <= 0.13']","[[0.       1.      ]
 [0.       1.      ]
 [0.       0.13    ]
 [0.       1.      ]
 [0.       1.      ]
 [0.       1.      ]
 [0.       1.      ]
 [0.       1.      ]
 [0.       1.      ]
 [0.       1.      ]
 [0.       1.      ]
 [0.       1.      ]
 [0.       1.      ]
 [0.       1.      ]
 [0.       1.      ]
 [0.       1.      ]
 [0.       1.      ]
 [0.       1.      ]
 [0.       1.      ]
 [0.       1.      ]
 [0.370001 1.      ]
 [0.       1.      ]]"
"['spread2 > 0.37', 'NHR > 0.03']","[[0.       1.      ]
 [0.       1.      ]
 [0.       1.      ]
 [0.       1.      ]
 [0.       1.      ]
 [0.       1.      ]
 [0.       1.      ]
 [0.       1.      ]
 [0.       1.      ]
 [0.       1.      ]
 [0.       1.      ]
 [0.       1.      ]
 [0.       1.      ]
 [0.       1.      ]
 [0.030001 1.      ]
 [0.       1.      ]
 [0.       1.      ]
 [0.       1.      ]
 [0.       1.      ]
 [0.       1.      ]
 [0.370001 1.      ]
 [0.       1.      ]]"
"['MDVP:PPQ > 0.15', 'MDVP:RAP > 0.08']","[[0.       1.      ]
 [0.       1.      ]
 [0.       1.      ]
 [0.       1.      ]
 [0.       1.      ]
 [0.080001 1.      ]
 [0.150001 1.      ]
 [0.       1.      ]
 [0.       1.      ]
 [0.       1.      ]
 [0.       1.      ]
 [0.       1.      ]
 [0.       1.      ]
 [0.       1.      ]
 [0.       1.      ]
 [0.       1.      ]
 [0.       1.      ]
 [0.       1.      ]
 [0.       1.      ]
 [0.       1.      ]
 [0.       1.      ]
 [0.       1.      ]]"
"['spread2 > 0.60', 'MDVP:Jitter(Abs) > 0.05']","[[0.       1.      ]
 [0.       1.      ]
 [0.       1.      ]
 [0.       1.      ]
 [0.050001 1.      ]
 [0.       1.      ]
 [0.       1.      ]
 [0.       1.      ]
 [0.       1.      ]
 [0.       1.      ]
 [0.       1.      ]
 [0.       1.      ]
 [0.       1.      ]
 [0.       1.      ]
 [0.       1.      ]
 [0.       1.      ]
 [0.       1.      ]
 [0.       1.      ]
 [0.       1.      ]
 [0.       1.      ]
 [0.600001 1.      ]
 [0.       1.      ]]"
"['spread2 > 0.60', 'MDVP:Jitter(Abs) > 0.05']","[[0.       1.      ]
 [0.       1.      ]
 [0.       1.      ]
 [0.       1.      ]
 [0.050001 1.      ]
 [0.       1.      ]
 [0.       1.      ]
 [0.       1.      ]
 [0.       1.      ]
 [0.       1.      ]
 [0.       1.      ]
 [0.       1.      ]
 [0.       1.      ]
 [0.       1.      ]
 [0.       1.      ]
 [0.       1.      ]
 [0.       1.      ]
 [0.       1.      ]
 [0.       1.      ]
 [0.       1.      ]
 [0.600001 1.      ]
 [0.       1.      ]]"
"['spread2 > 0.51', 'MDVP:PPQ > 0.03']","[[0.       1.      ]
 [0.       1.      ]
 [0.       1.      ]
 [0.       1.      ]
 [0.       1.      ]
 [0.       1.      ]
 [0.030001 1.      ]
 [0.       1.      ]
 [0.       1.      ]
 [0.       1.      ]
 [0.       1.      ]
 [0.       1.      ]
 [0.       1.      ]
 [0.       1.      ]
 [0.       1.      ]
 [0.       1.      ]
 [0.       1.      ]
 [0.       1.      ]
 [0.       1.      ]
 [0.       1.      ]
 [0.510001 1.      ]
 [0.       1.      ]]"
"['spread2 > 0.37', 'Jitter:DDP > 0.08']","[[0.       1.      ]
 [0.       1.      ]
 [0.       1.      ]
 [0.       1.      ]
 [0.       1.      ]
 [0.       1.      ]
 [0.       1.      ]
 [0.080001 1.      ]
 [0.       1.      ]
 [0.       1.      ]
 [0.       1.      ]
 [0.       1.      ]
 [0.       1.      ]
 [0.       1.      ]
 [0.       1.      ]
 [0.       1.      ]
 [0.       1.      ]
 [0.       1.      ]
 [0.       1.      ]
 [0.       1.      ]
 [0.370001 1.      ]
 [0.       1.      ]]"
"['spread2 > 0.60', 'MDVP:Jitter(Abs) > 0.05']","[[0.       1.      ]
 [0.       1.      ]
 [0.       1.      ]
 [0.       1.      ]
 [0.050001 1.      ]
 [0.       1.      ]
 [0.       1.      ]
 [0.       1.      ]
 [0.       1.      ]
 [0.       1.      ]
 [0.       1.      ]
 [0.       1.      ]
 [0.       1.      ]
 [0.       1.      ]
 [0.       1.      ]
 [0.       1.      ]
 [0.       1.      ]
 [0.       1.      ]
 [0.       1.      ]
 [0.       1.      ]
 [0.600001 1.      ]
 [0.       1.      ]]"
"['spread2 > 0.60', 'MDVP:Jitter(Abs) > 0.05']","[[0.       1.      ]
 [0.       1.      ]
 [0.       1.      ]
 [0.       1.      ]
 [0.050001 1.      ]
 [0.       1.      ]
 [0.       1.      ]
 [0.       1.      ]
 [0.       1.      ]
 [0.       1.      ]
 [0.       1.      ]
 [0.       1.      ]
 [0.       1.      ]
 [0.       1.      ]
 [0.       1.      ]
 [0.       1.      ]
 [0.       1.      ]
 [0.       1.      ]
 [0.       1.      ]
 [0.       1.      ]
 [0.600001 1.      ]
 [0.       1.      ]]"
"['spread2 > 0.60', 'HNR <= 0.59']","[[0.       1.      ]
 [0.       1.      ]
 [0.       1.      ]
 [0.       1.      ]
 [0.       1.      ]
 [0.       1.      ]
 [0.       1.      ]
 [0.       1.      ]
 [0.       1.      ]
 [0.       1.      ]
 [0.       1.      ]
 [0.       1.      ]
 [0.       1.      ]
 [0.       1.      ]
 [0.       1.      ]
 [0.       0.59    ]
 [0.       1.      ]
 [0.       1.      ]
 [0.       1.      ]
 [0.       1.      ]
 [0.600001 1.      ]
 [0.       1.      ]]"
"['spread2 > 0.60', 'MDVP:Jitter(Abs) > 0.05']","[[0.       1.      ]
 [0.       1.      ]
 [0.       1.      ]
 [0.       1.      ]
 [0.050001 1.      ]
 [0.       1.      ]
 [0.       1.      ]
 [0.       1.      ]
 [0.       1.      ]
 [0.       1.      ]
 [0.       1.      ]
 [0.       1.      ]
 [0.       1.      ]
 [0.       1.      ]
 [0.       1.      ]
 [0.       1.      ]
 [0.       1.      ]
 [0.       1.      ]
 [0.       1.      ]
 [0.       1.      ]
 [0.600001 1.      ]
 [0.       1.      ]]"
"['spread2 > 0.51', 'MDVP:Fhi(Hz) <= 0.12']","[[0.       1.      ]
 [0.       0.12    ]
 [0.       1.      ]
 [0.       1.      ]
 [0.       1.      ]
 [0.       1.      ]
 [0.       1.      ]
 [0.       1.      ]
 [0.       1.      ]
 [0.       1.      ]
 [0.       1.      ]
 [0.       1.      ]
 [0.       1.      ]
 [0.       1.      ]
 [0.       1.      ]
 [0.       1.      ]
 [0.       1.      ]
 [0.       1.      ]
 [0.       1.      ]
 [0.       1.      ]
 [0.510001 1.      ]
 [0.       1.      ]]"
"['spread2 > 0.37', 'HNR <= 0.59']","[[0.       1.      ]
 [0.       1.      ]
 [0.       1.      ]
 [0.       1.      ]
 [0.       1.      ]
 [0.       1.      ]
 [0.       1.      ]
 [0.       1.      ]
 [0.       1.      ]
 [0.       1.      ]
 [0.       1.      ]
 [0.       1.      ]
 [0.       1.      ]
 [0.       1.      ]
 [0.       1.      ]
 [0.       0.59    ]
 [0.       1.      ]
 [0.       1.      ]
 [0.       1.      ]
 [0.       1.      ]
 [0.370001 1.      ]
 [0.       1.      ]]"
"['spread2 > 0.37', 'Jitter:DDP > 0.08']","[[0.       1.      ]
 [0.       1.      ]
 [0.       1.      ]
 [0.       1.      ]
 [0.       1.      ]
 [0.       1.      ]
 [0.       1.      ]
 [0.080001 1.      ]
 [0.       1.      ]
 [0.       1.      ]
 [0.       1.      ]
 [0.       1.      ]
 [0.       1.      ]
 [0.       1.      ]
 [0.       1.      ]
 [0.       1.      ]
 [0.       1.      ]
 [0.       1.      ]
 [0.       1.      ]
 [0.       1.      ]
 [0.370001 1.      ]
 [0.       1.      ]]"
"['MDVP:Fhi(Hz) <= 0.06', 'MDVP:PPQ > 0.03']","[[0.       1.      ]
 [0.       0.06    ]
 [0.       1.      ]
 [0.       1.      ]
 [0.       1.      ]
 [0.       1.      ]
 [0.030001 1.      ]
 [0.       1.      ]
 [0.       1.      ]
 [0.       1.      ]
 [0.       1.      ]
 [0.       1.      ]
 [0.       1.      ]
 [0.       1.      ]
 [0.       1.      ]
 [0.       1.      ]
 [0.       1.      ]
 [0.       1.      ]
 [0.       1.      ]
 [0.       1.      ]
 [0.       1.      ]
 [0.       1.      ]]"
"['spread1 > 0.27', 'Jitter:DDP > 0.13']","[[0.       1.      ]
 [0.       1.      ]
 [0.       1.      ]
 [0.       1.      ]
 [0.       1.      ]
 [0.       1.      ]
 [0.       1.      ]
 [0.130001 1.      ]
 [0.       1.      ]
 [0.       1.      ]
 [0.       1.      ]
 [0.       1.      ]
 [0.       1.      ]
 [0.       1.      ]
 [0.       1.      ]
 [0.       1.      ]
 [0.       1.      ]
 [0.       1.      ]
 [0.       1.      ]
 [0.270001 1.      ]
 [0.       1.      ]
 [0.       1.      ]]"
"['spread2 > 0.60', 'MDVP:Jitter(Abs) > 0.05']","[[0.       1.      ]
 [0.       1.      ]
 [0.       1.      ]
 [0.       1.      ]
 [0.050001 1.      ]
 [0.       1.      ]
 [0.       1.      ]
 [0.       1.      ]
 [0.       1.      ]
 [0.       1.      ]
 [0.       1.      ]
 [0.       1.      ]
 [0.       1.      ]
 [0.       1.      ]
 [0.       1.      ]
 [0.       1.      ]
 [0.       1.      ]
 [0.       1.      ]
 [0.       1.      ]
 [0.       1.      ]
 [0.600001 1.      ]
 [0.       1.      ]]"
"['spread2 > 0.37', 'Jitter:DDP > 0.08']","[[0.       1.      ]
 [0.       1.      ]
 [0.       1.      ]
 [0.       1.      ]
 [0.       1.      ]
 [0.       1.      ]
 [0.       1.      ]
 [0.080001 1.      ]
 [0.       1.      ]
 [0.       1.      ]
 [0.       1.      ]
 [0.       1.      ]
 [0.       1.      ]
 [0.       1.      ]
 [0.       1.      ]
 [0.       1.      ]
 [0.       1.      ]
 [0.       1.      ]
 [0.       1.      ]
 [0.       1.      ]
 [0.370001 1.      ]
 [0.       1.      ]]"
"['spread2 > 0.60', 'MDVP:Jitter(Abs) > 0.05']","[[0.       1.      ]
 [0.       1.      ]
 [0.       1.      ]
 [0.       1.      ]
 [0.050001 1.      ]
 [0.       1.      ]
 [0.       1.      ]
 [0.       1.      ]
 [0.       1.      ]
 [0.       1.      ]
 [0.       1.      ]
 [0.       1.      ]
 [0.       1.      ]
 [0.       1.      ]
 [0.       1.      ]
 [0.       1.      ]
 [0.       1.      ]
 [0.       1.      ]
 [0.       1.      ]
 [0.       1.      ]
 [0.600001 1.      ]
 [0.       1.      ]]"
"['spread2 > 0.60', 'MDVP:Jitter(Abs) > 0.05']","[[0.       1.      ]
 [0.       1.      ]
 [0.       1.      ]
 [0.       1.      ]
 [0.050001 1.      ]
 [0.       1.      ]
 [0.       1.      ]
 [0.       1.      ]
 [0.       1.      ]
 [0.       1.      ]
 [0.       1.      ]
 [0.       1.      ]
 [0.       1.      ]
 [0.       1.      ]
 [0.       1.      ]
 [0.       1.      ]
 [0.       1.      ]
 [0.       1.      ]
 [0.       1.      ]
 [0.       1.      ]
 [0.600001 1.      ]
 [0.       1.      ]]"
"['spread1 > 0.43', 'MDVP:Fhi(Hz) <= 0.12']","[[0.       1.      ]
 [0.       0.12    ]
 [0.       1.      ]
 [0.       1.      ]
 [0.       1.      ]
 [0.       1.      ]
 [0.       1.      ]
 [0.       1.      ]
 [0.       1.      ]
 [0.       1.      ]
 [0.       1.      ]
 [0.       1.      ]
 [0.       1.      ]
 [0.       1.      ]
 [0.       1.      ]
 [0.       1.      ]
 [0.       1.      ]
 [0.       1.      ]
 [0.       1.      ]
 [0.430001 1.      ]
 [0.       1.      ]
 [0.       1.      ]]"
"['HNR <= 0.59', 'MDVP:RAP > 0.13']","[[0.       1.      ]
 [0.       1.      ]
 [0.       1.      ]
 [0.       1.      ]
 [0.       1.      ]
 [0.130001 1.      ]
 [0.       1.      ]
 [0.       1.      ]
 [0.       1.      ]
 [0.       1.      ]
 [0.       1.      ]
 [0.       1.      ]
 [0.       1.      ]
 [0.       1.      ]
 [0.       1.      ]
 [0.       0.59    ]
 [0.       1.      ]
 [0.       1.      ]
 [0.       1.      ]
 [0.       1.      ]
 [0.       1.      ]
 [0.       1.      ]]"
"['spread2 > 0.51', 'MDVP:PPQ > 0.03']","[[0.       1.      ]
 [0.       1.      ]
 [0.       1.      ]
 [0.       1.      ]
 [0.       1.      ]
 [0.       1.      ]
 [0.030001 1.      ]
 [0.       1.      ]
 [0.       1.      ]
 [0.       1.      ]
 [0.       1.      ]
 [0.       1.      ]
 [0.       1.      ]
 [0.       1.      ]
 [0.       1.      ]
 [0.       1.      ]
 [0.       1.      ]
 [0.       1.      ]
 [0.       1.      ]
 [0.       1.      ]
 [0.510001 1.      ]
 [0.       1.      ]]"
"['spread2 > 0.60', 'MDVP:Jitter(Abs) > 0.05']","[[0.       1.      ]
 [0.       1.      ]
 [0.       1.      ]
 [0.       1.      ]
 [0.050001 1.      ]
 [0.       1.      ]
 [0.       1.      ]
 [0.       1.      ]
 [0.       1.      ]
 [0.       1.      ]
 [0.       1.      ]
 [0.       1.      ]
 [0.       1.      ]
 [0.       1.      ]
 [0.       1.      ]
 [0.       1.      ]
 [0.       1.      ]
 [0.       1.      ]
 [0.       1.      ]
 [0.       1.      ]
 [0.600001 1.      ]
 [0.       1.      ]]"
"['spread1 > 0.49', 'MDVP:Jitter(%) > 0.17']","[[0.       1.      ]
 [0.       1.      ]
 [0.       1.      ]
 [0.170001 1.      ]
 [0.       1.      ]
 [0.       1.      ]
 [0.       1.      ]
 [0.       1.      ]
 [0.       1.      ]
 [0.       1.      ]
 [0.       1.      ]
 [0.       1.      ]
 [0.       1.      ]
 [0.       1.      ]
 [0.       1.      ]
 [0.       1.      ]
 [0.       1.      ]
 [0.       1.      ]
 [0.       1.      ]
 [0.490001 1.      ]
 [0.       1.      ]
 [0.       1.      ]]"
"['spread1 > 0.43', 'PPE > 0.43']","[[0.       1.      ]
 [0.       1.      ]
 [0.       1.      ]
 [0.       1.      ]
 [0.       1.      ]
 [0.       1.      ]
 [0.       1.      ]
 [0.       1.      ]
 [0.       1.      ]
 [0.       1.      ]
 [0.       1.      ]
 [0.       1.      ]
 [0.       1.      ]
 [0.       1.      ]
 [0.       1.      ]
 [0.       1.      ]
 [0.430001 1.      ]
 [0.       1.      ]
 [0.       1.      ]
 [0.430001 1.      ]
 [0.       1.      ]
 [0.       1.      ]]"
"['spread2 > 0.37', 'Shimmer:APQ5 > 0.22']","[[0.       1.      ]
 [0.       1.      ]
 [0.       1.      ]
 [0.       1.      ]
 [0.       1.      ]
 [0.       1.      ]
 [0.       1.      ]
 [0.       1.      ]
 [0.       1.      ]
 [0.       1.      ]
 [0.       1.      ]
 [0.220001 1.      ]
 [0.       1.      ]
 [0.       1.      ]
 [0.       1.      ]
 [0.       1.      ]
 [0.       1.      ]
 [0.       1.      ]
 [0.       1.      ]
 [0.       1.      ]
 [0.370001 1.      ]
 [0.       1.      ]]"
"['spread2 > 0.51', 'MDVP:Fhi(Hz) <= 0.12']","[[0.       1.      ]
 [0.       0.12    ]
 [0.       1.      ]
 [0.       1.      ]
 [0.       1.      ]
 [0.       1.      ]
 [0.       1.      ]
 [0.       1.      ]
 [0.       1.      ]
 [0.       1.      ]
 [0.       1.      ]
 [0.       1.      ]
 [0.       1.      ]
 [0.       1.      ]
 [0.       1.      ]
 [0.       1.      ]
 [0.       1.      ]
 [0.       1.      ]
 [0.       1.      ]
 [0.       1.      ]
 [0.510001 1.      ]
 [0.       1.      ]]"
"['spread2 > 0.51', 'MDVP:PPQ > 0.03']","[[0.       1.      ]
 [0.       1.      ]
 [0.       1.      ]
 [0.       1.      ]
 [0.       1.      ]
 [0.       1.      ]
 [0.030001 1.      ]
 [0.       1.      ]
 [0.       1.      ]
 [0.       1.      ]
 [0.       1.      ]
 [0.       1.      ]
 [0.       1.      ]
 [0.       1.      ]
 [0.       1.      ]
 [0.       1.      ]
 [0.       1.      ]
 [0.       1.      ]
 [0.       1.      ]
 [0.       1.      ]
 [0.510001 1.      ]
 [0.       1.      ]]"
"['spread2 > 0.37', 'HNR <= 0.59']","[[0.       1.      ]
 [0.       1.      ]
 [0.       1.      ]
 [0.       1.      ]
 [0.       1.      ]
 [0.       1.      ]
 [0.       1.      ]
 [0.       1.      ]
 [0.       1.      ]
 [0.       1.      ]
 [0.       1.      ]
 [0.       1.      ]
 [0.       1.      ]
 [0.       1.      ]
 [0.       1.      ]
 [0.       0.59    ]
 [0.       1.      ]
 [0.       1.      ]
 [0.       1.      ]
 [0.       1.      ]
 [0.370001 1.      ]
 [0.       1.      ]]"
"['spread2 > 0.60', 'MDVP:Jitter(Abs) > 0.05']","[[0.       1.      ]
 [0.       1.      ]
 [0.       1.      ]
 [0.       1.      ]
 [0.050001 1.      ]
 [0.       1.      ]
 [0.       1.      ]
 [0.       1.      ]
 [0.       1.      ]
 [0.       1.      ]
 [0.       1.      ]
 [0.       1.      ]
 [0.       1.      ]
 [0.       1.      ]
 [0.       1.      ]
 [0.       1.      ]
 [0.       1.      ]
 [0.       1.      ]
 [0.       1.      ]
 [0.       1.      ]
 [0.600001 1.      ]
 [0.       1.      ]]"
"['spread2 > 0.60', 'HNR <= 0.59']","[[0.       1.      ]
 [0.       1.      ]
 [0.       1.      ]
 [0.       1.      ]
 [0.       1.      ]
 [0.       1.      ]
 [0.       1.      ]
 [0.       1.      ]
 [0.       1.      ]
 [0.       1.      ]
 [0.       1.      ]
 [0.       1.      ]
 [0.       1.      ]
 [0.       1.      ]
 [0.       1.      ]
 [0.       0.59    ]
 [0.       1.      ]
 [0.       1.      ]
 [0.       1.      ]
 [0.       1.      ]
 [0.600001 1.      ]
 [0.       1.      ]]"
"['spread2 > 0.60', 'MDVP:Jitter(Abs) > 0.05']","[[0.       1.      ]
 [0.       1.      ]
 [0.       1.      ]
 [0.       1.      ]
 [0.050001 1.      ]
 [0.       1.      ]
 [0.       1.      ]
 [0.       1.      ]
 [0.       1.      ]
 [0.       1.      ]
 [0.       1.      ]
 [0.       1.      ]
 [0.       1.      ]
 [0.       1.      ]
 [0.       1.      ]
 [0.       1.      ]
 [0.       1.      ]
 [0.       1.      ]
 [0.       1.      ]
 [0.       1.      ]
 [0.600001 1.      ]
 [0.       1.      ]]"
"['spread2 > 0.51', 'NHR > 0.03']","[[0.       1.      ]
 [0.       1.      ]
 [0.       1.      ]
 [0.       1.      ]
 [0.       1.      ]
 [0.       1.      ]
 [0.       1.      ]
 [0.       1.      ]
 [0.       1.      ]
 [0.       1.      ]
 [0.       1.      ]
 [0.       1.      ]
 [0.       1.      ]
 [0.       1.      ]
 [0.030001 1.      ]
 [0.       1.      ]
 [0.       1.      ]
 [0.       1.      ]
 [0.       1.      ]
 [0.       1.      ]
 [0.510001 1.      ]
 [0.       1.      ]]"
"['spread2 > 0.51', 'MDVP:Fhi(Hz) <= 0.12']","[[0.       1.      ]
 [0.       0.12    ]
 [0.       1.      ]
 [0.       1.      ]
 [0.       1.      ]
 [0.       1.      ]
 [0.       1.      ]
 [0.       1.      ]
 [0.       1.      ]
 [0.       1.      ]
 [0.       1.      ]
 [0.       1.      ]
 [0.       1.      ]
 [0.       1.      ]
 [0.       1.      ]
 [0.       1.      ]
 [0.       1.      ]
 [0.       1.      ]
 [0.       1.      ]
 [0.       1.      ]
 [0.510001 1.      ]
 [0.       1.      ]]"
"['spread2 > 0.37', 'HNR <= 0.43']","[[0.       1.      ]
 [0.       1.      ]
 [0.       1.      ]
 [0.       1.      ]
 [0.       1.      ]
 [0.       1.      ]
 [0.       1.      ]
 [0.       1.      ]
 [0.       1.      ]
 [0.       1.      ]
 [0.       1.      ]
 [0.       1.      ]
 [0.       1.      ]
 [0.       1.      ]
 [0.       1.      ]
 [0.       0.43    ]
 [0.       1.      ]
 [0.       1.      ]
 [0.       1.      ]
 [0.       1.      ]
 [0.370001 1.      ]
 [0.       1.      ]]"
"['spread2 > 0.37', 'Jitter:DDP > 0.08']","[[0.       1.      ]
 [0.       1.      ]
 [0.       1.      ]
 [0.       1.      ]
 [0.       1.      ]
 [0.       1.      ]
 [0.       1.      ]
 [0.080001 1.      ]
 [0.       1.      ]
 [0.       1.      ]
 [0.       1.      ]
 [0.       1.      ]
 [0.       1.      ]
 [0.       1.      ]
 [0.       1.      ]
 [0.       1.      ]
 [0.       1.      ]
 [0.       1.      ]
 [0.       1.      ]
 [0.       1.      ]
 [0.370001 1.      ]
 [0.       1.      ]]"
"['spread2 > 0.60', 'MDVP:Jitter(Abs) > 0.05']","[[0.       1.      ]
 [0.       1.      ]
 [0.       1.      ]
 [0.       1.      ]
 [0.050001 1.      ]
 [0.       1.      ]
 [0.       1.      ]
 [0.       1.      ]
 [0.       1.      ]
 [0.       1.      ]
 [0.       1.      ]
 [0.       1.      ]
 [0.       1.      ]
 [0.       1.      ]
 [0.       1.      ]
 [0.       1.      ]
 [0.       1.      ]
 [0.       1.      ]
 [0.       1.      ]
 [0.       1.      ]
 [0.600001 1.      ]
 [0.       1.      ]]"
"['spread1 > 0.27', 'MDVP:Jitter(Abs) > 0.18']","[[0.       1.      ]
 [0.       1.      ]
 [0.       1.      ]
 [0.       1.      ]
 [0.180001 1.      ]
 [0.       1.      ]
 [0.       1.      ]
 [0.       1.      ]
 [0.       1.      ]
 [0.       1.      ]
 [0.       1.      ]
 [0.       1.      ]
 [0.       1.      ]
 [0.       1.      ]
 [0.       1.      ]
 [0.       1.      ]
 [0.       1.      ]
 [0.       1.      ]
 [0.       1.      ]
 [0.270001 1.      ]
 [0.       1.      ]
 [0.       1.      ]]"
"['spread2 > 0.60', 'MDVP:Jitter(Abs) > 0.05']","[[0.       1.      ]
 [0.       1.      ]
 [0.       1.      ]
 [0.       1.      ]
 [0.050001 1.      ]
 [0.       1.      ]
 [0.       1.      ]
 [0.       1.      ]
 [0.       1.      ]
 [0.       1.      ]
 [0.       1.      ]
 [0.       1.      ]
 [0.       1.      ]
 [0.       1.      ]
 [0.       1.      ]
 [0.       1.      ]
 [0.       1.      ]
 [0.       1.      ]
 [0.       1.      ]
 [0.       1.      ]
 [0.600001 1.      ]
 [0.       1.      ]]"
"['spread2 > 0.60', 'MDVP:Jitter(Abs) > 0.05']","[[0.       1.      ]
 [0.       1.      ]
 [0.       1.      ]
 [0.       1.      ]
 [0.050001 1.      ]
 [0.       1.      ]
 [0.       1.      ]
 [0.       1.      ]
 [0.       1.      ]
 [0.       1.      ]
 [0.       1.      ]
 [0.       1.      ]
 [0.       1.      ]
 [0.       1.      ]
 [0.       1.      ]
 [0.       1.      ]
 [0.       1.      ]
 [0.       1.      ]
 [0.       1.      ]
 [0.       1.      ]
 [0.600001 1.      ]
 [0.       1.      ]]"
"['spread2 > 0.37', 'Jitter:DDP > 0.08']","[[0.       1.      ]
 [0.       1.      ]
 [0.       1.      ]
 [0.       1.      ]
 [0.       1.      ]
 [0.       1.      ]
 [0.       1.      ]
 [0.080001 1.      ]
 [0.       1.      ]
 [0.       1.      ]
 [0.       1.      ]
 [0.       1.      ]
 [0.       1.      ]
 [0.       1.      ]
 [0.       1.      ]
 [0.       1.      ]
 [0.       1.      ]
 [0.       1.      ]
 [0.       1.      ]
 [0.       1.      ]
 [0.370001 1.      ]
 [0.       1.      ]]"
"['spread2 > 0.51', 'MDVP:Fhi(Hz) <= 0.12']","[[0.       1.      ]
 [0.       0.12    ]
 [0.       1.      ]
 [0.       1.      ]
 [0.       1.      ]
 [0.       1.      ]
 [0.       1.      ]
 [0.       1.      ]
 [0.       1.      ]
 [0.       1.      ]
 [0.       1.      ]
 [0.       1.      ]
 [0.       1.      ]
 [0.       1.      ]
 [0.       1.      ]
 [0.       1.      ]
 [0.       1.      ]
 [0.       1.      ]
 [0.       1.      ]
 [0.       1.      ]
 [0.510001 1.      ]
 [0.       1.      ]]"
"['spread2 > 0.60', 'MDVP:Jitter(Abs) > 0.05']","[[0.       1.      ]
 [0.       1.      ]
 [0.       1.      ]
 [0.       1.      ]
 [0.050001 1.      ]
 [0.       1.      ]
 [0.       1.      ]
 [0.       1.      ]
 [0.       1.      ]
 [0.       1.      ]
 [0.       1.      ]
 [0.       1.      ]
 [0.       1.      ]
 [0.       1.      ]
 [0.       1.      ]
 [0.       1.      ]
 [0.       1.      ]
 [0.       1.      ]
 [0.       1.      ]
 [0.       1.      ]
 [0.600001 1.      ]
 [0.       1.      ]]"
"['spread1 > 0.49', 'MDVP:Shimmer(dB) > 0.21']","[[0.       1.      ]
 [0.       1.      ]
 [0.       1.      ]
 [0.       1.      ]
 [0.       1.      ]
 [0.       1.      ]
 [0.       1.      ]
 [0.       1.      ]
 [0.210001 1.      ]
 [0.210001 1.      ]
 [0.       1.      ]
 [0.       1.      ]
 [0.       1.      ]
 [0.       1.      ]
 [0.       1.      ]
 [0.       1.      ]
 [0.       1.      ]
 [0.       1.      ]
 [0.       1.      ]
 [0.490001 1.      ]
 [0.       1.      ]
 [0.       1.      ]]"
"['spread2 > 0.51', 'MDVP:Fhi(Hz) <= 0.12']","[[0.       1.      ]
 [0.       0.12    ]
 [0.       1.      ]
 [0.       1.      ]
 [0.       1.      ]
 [0.       1.      ]
 [0.       1.      ]
 [0.       1.      ]
 [0.       1.      ]
 [0.       1.      ]
 [0.       1.      ]
 [0.       1.      ]
 [0.       1.      ]
 [0.       1.      ]
 [0.       1.      ]
 [0.       1.      ]
 [0.       1.      ]
 [0.       1.      ]
 [0.       1.      ]
 [0.       1.      ]
 [0.510001 1.      ]
 [0.       1.      ]]"
"['spread2 > 0.60', 'MDVP:Jitter(Abs) > 0.05']","[[0.       1.      ]
 [0.       1.      ]
 [0.       1.      ]
 [0.       1.      ]
 [0.050001 1.      ]
 [0.       1.      ]
 [0.       1.      ]
 [0.       1.      ]
 [0.       1.      ]
 [0.       1.      ]
 [0.       1.      ]
 [0.       1.      ]
 [0.       1.      ]
 [0.       1.      ]
 [0.       1.      ]
 [0.       1.      ]
 [0.       1.      ]
 [0.       1.      ]
 [0.       1.      ]
 [0.       1.      ]
 [0.600001 1.      ]
 [0.       1.      ]]"
"['DFA > 0.43', '0.32 < MDVP:Fo(Hz) <= 0.50']","[[0.320001 0.5     ]
 [0.       1.      ]
 [0.       1.      ]
 [0.       1.      ]
 [0.       1.      ]
 [0.       1.      ]
 [0.       1.      ]
 [0.       1.      ]
 [0.       1.      ]
 [0.       1.      ]
 [0.       1.      ]
 [0.       1.      ]
 [0.       1.      ]
 [0.       1.      ]
 [0.       1.      ]
 [0.       1.      ]
 [0.       1.      ]
 [0.       1.      ]
 [0.430001 1.      ]
 [0.       1.      ]
 [0.       1.      ]
 [0.       1.      ]]"
"['spread2 > 0.60', 'MDVP:Jitter(Abs) > 0.05']","[[0.       1.      ]
 [0.       1.      ]
 [0.       1.      ]
 [0.       1.      ]
 [0.050001 1.      ]
 [0.       1.      ]
 [0.       1.      ]
 [0.       1.      ]
 [0.       1.      ]
 [0.       1.      ]
 [0.       1.      ]
 [0.       1.      ]
 [0.       1.      ]
 [0.       1.      ]
 [0.       1.      ]
 [0.       1.      ]
 [0.       1.      ]
 [0.       1.      ]
 [0.       1.      ]
 [0.       1.      ]
 [0.600001 1.      ]
 [0.       1.      ]]"
"['MDVP:Fhi(Hz) <= 0.12', '0.32 < MDVP:Fo(Hz) <= 0.50']","[[0.320001 0.5     ]
 [0.       0.12    ]
 [0.       1.      ]
 [0.       1.      ]
 [0.       1.      ]
 [0.       1.      ]
 [0.       1.      ]
 [0.       1.      ]
 [0.       1.      ]
 [0.       1.      ]
 [0.       1.      ]
 [0.       1.      ]
 [0.       1.      ]
 [0.       1.      ]
 [0.       1.      ]
 [0.       1.      ]
 [0.       1.      ]
 [0.       1.      ]
 [0.       1.      ]
 [0.       1.      ]
 [0.       1.      ]
 [0.       1.      ]]"
"['spread2 > 0.60', 'MDVP:Jitter(Abs) > 0.05']","[[0.       1.      ]
 [0.       1.      ]
 [0.       1.      ]
 [0.       1.      ]
 [0.050001 1.      ]
 [0.       1.      ]
 [0.       1.      ]
 [0.       1.      ]
 [0.       1.      ]
 [0.       1.      ]
 [0.       1.      ]
 [0.       1.      ]
 [0.       1.      ]
 [0.       1.      ]
 [0.       1.      ]
 [0.       1.      ]
 [0.       1.      ]
 [0.       1.      ]
 [0.       1.      ]
 [0.       1.      ]
 [0.600001 1.      ]
 [0.       1.      ]]"
"['spread1 > 0.49', 'MDVP:Fhi(Hz) <= 0.06']","[[0.       1.      ]
 [0.       0.06    ]
 [0.       1.      ]
 [0.       1.      ]
 [0.       1.      ]
 [0.       1.      ]
 [0.       1.      ]
 [0.       1.      ]
 [0.       1.      ]
 [0.       1.      ]
 [0.       1.      ]
 [0.       1.      ]
 [0.       1.      ]
 [0.       1.      ]
 [0.       1.      ]
 [0.       1.      ]
 [0.       1.      ]
 [0.       1.      ]
 [0.       1.      ]
 [0.490001 1.      ]
 [0.       1.      ]
 [0.       1.      ]]"
"['MDVP:PPQ > 0.15', 'MDVP:RAP > 0.08']","[[0.       1.      ]
 [0.       1.      ]
 [0.       1.      ]
 [0.       1.      ]
 [0.       1.      ]
 [0.080001 1.      ]
 [0.150001 1.      ]
 [0.       1.      ]
 [0.       1.      ]
 [0.       1.      ]
 [0.       1.      ]
 [0.       1.      ]
 [0.       1.      ]
 [0.       1.      ]
 [0.       1.      ]
 [0.       1.      ]
 [0.       1.      ]
 [0.       1.      ]
 [0.       1.      ]
 [0.       1.      ]
 [0.       1.      ]
 [0.       1.      ]]"
"['spread2 > 0.60', 'MDVP:Jitter(Abs) > 0.05']","[[0.       1.      ]
 [0.       1.      ]
 [0.       1.      ]
 [0.       1.      ]
 [0.050001 1.      ]
 [0.       1.      ]
 [0.       1.      ]
 [0.       1.      ]
 [0.       1.      ]
 [0.       1.      ]
 [0.       1.      ]
 [0.       1.      ]
 [0.       1.      ]
 [0.       1.      ]
 [0.       1.      ]
 [0.       1.      ]
 [0.       1.      ]
 [0.       1.      ]
 [0.       1.      ]
 [0.       1.      ]
 [0.600001 1.      ]
 [0.       1.      ]]"
"['spread1 > 0.43', 'NHR > 0.03']","[[0.       1.      ]
 [0.       1.      ]
 [0.       1.      ]
 [0.       1.      ]
 [0.       1.      ]
 [0.       1.      ]
 [0.       1.      ]
 [0.       1.      ]
 [0.       1.      ]
 [0.       1.      ]
 [0.       1.      ]
 [0.       1.      ]
 [0.       1.      ]
 [0.       1.      ]
 [0.030001 1.      ]
 [0.       1.      ]
 [0.       1.      ]
 [0.       1.      ]
 [0.       1.      ]
 [0.430001 1.      ]
 [0.       1.      ]
 [0.       1.      ]]"
"['spread1 > 0.49', 'MDVP:Fhi(Hz) <= 0.06']","[[0.       1.      ]
 [0.       0.06    ]
 [0.       1.      ]
 [0.       1.      ]
 [0.       1.      ]
 [0.       1.      ]
 [0.       1.      ]
 [0.       1.      ]
 [0.       1.      ]
 [0.       1.      ]
 [0.       1.      ]
 [0.       1.      ]
 [0.       1.      ]
 [0.       1.      ]
 [0.       1.      ]
 [0.       1.      ]
 [0.       1.      ]
 [0.       1.      ]
 [0.       1.      ]
 [0.490001 1.      ]
 [0.       1.      ]
 [0.       1.      ]]"
"['HNR <= 0.43', 'NHR > 0.08']","[[0.       1.      ]
 [0.       1.      ]
 [0.       1.      ]
 [0.       1.      ]
 [0.       1.      ]
 [0.       1.      ]
 [0.       1.      ]
 [0.       1.      ]
 [0.       1.      ]
 [0.       1.      ]
 [0.       1.      ]
 [0.       1.      ]
 [0.       1.      ]
 [0.       1.      ]
 [0.080001 1.      ]
 [0.       0.43    ]
 [0.       1.      ]
 [0.       1.      ]
 [0.       1.      ]
 [0.       1.      ]
 [0.       1.      ]
 [0.       1.      ]]"
"['spread2 > 0.37', 'RPDE > 0.83']","[[0.       1.      ]
 [0.       1.      ]
 [0.       1.      ]
 [0.       1.      ]
 [0.       1.      ]
 [0.       1.      ]
 [0.       1.      ]
 [0.       1.      ]
 [0.       1.      ]
 [0.       1.      ]
 [0.       1.      ]
 [0.       1.      ]
 [0.       1.      ]
 [0.       1.      ]
 [0.       1.      ]
 [0.       1.      ]
 [0.       1.      ]
 [0.830001 1.      ]
 [0.       1.      ]
 [0.       1.      ]
 [0.370001 1.      ]
 [0.       1.      ]]"
"['spread1 > 0.43', 'MDVP:Fhi(Hz) <= 0.12']","[[0.       1.      ]
 [0.       0.12    ]
 [0.       1.      ]
 [0.       1.      ]
 [0.       1.      ]
 [0.       1.      ]
 [0.       1.      ]
 [0.       1.      ]
 [0.       1.      ]
 [0.       1.      ]
 [0.       1.      ]
 [0.       1.      ]
 [0.       1.      ]
 [0.       1.      ]
 [0.       1.      ]
 [0.       1.      ]
 [0.       1.      ]
 [0.       1.      ]
 [0.       1.      ]
 [0.430001 1.      ]
 [0.       1.      ]
 [0.       1.      ]]"
"['spread2 > 0.37', 'MDVP:Jitter(Abs) > 0.09']","[[0.       1.      ]
 [0.       1.      ]
 [0.       1.      ]
 [0.       1.      ]
 [0.090001 1.      ]
 [0.       1.      ]
 [0.       1.      ]
 [0.       1.      ]
 [0.       1.      ]
 [0.       1.      ]
 [0.       1.      ]
 [0.       1.      ]
 [0.       1.      ]
 [0.       1.      ]
 [0.       1.      ]
 [0.       1.      ]
 [0.       1.      ]
 [0.       1.      ]
 [0.       1.      ]
 [0.       1.      ]
 [0.370001 1.      ]
 [0.       1.      ]]"
"['spread2 > 0.51', 'MDVP:PPQ > 0.03']","[[0.       1.      ]
 [0.       1.      ]
 [0.       1.      ]
 [0.       1.      ]
 [0.       1.      ]
 [0.       1.      ]
 [0.030001 1.      ]
 [0.       1.      ]
 [0.       1.      ]
 [0.       1.      ]
 [0.       1.      ]
 [0.       1.      ]
 [0.       1.      ]
 [0.       1.      ]
 [0.       1.      ]
 [0.       1.      ]
 [0.       1.      ]
 [0.       1.      ]
 [0.       1.      ]
 [0.       1.      ]
 [0.510001 1.      ]
 [0.       1.      ]]"
"['spread2 > 0.51', 'MDVP:Fhi(Hz) <= 0.12']","[[0.       1.      ]
 [0.       0.12    ]
 [0.       1.      ]
 [0.       1.      ]
 [0.       1.      ]
 [0.       1.      ]
 [0.       1.      ]
 [0.       1.      ]
 [0.       1.      ]
 [0.       1.      ]
 [0.       1.      ]
 [0.       1.      ]
 [0.       1.      ]
 [0.       1.      ]
 [0.       1.      ]
 [0.       1.      ]
 [0.       1.      ]
 [0.       1.      ]
 [0.       1.      ]
 [0.       1.      ]
 [0.510001 1.      ]
 [0.       1.      ]]"
"['spread1 > 0.43', 'MDVP:Fhi(Hz) <= 0.12']","[[0.       1.      ]
 [0.       0.12    ]
 [0.       1.      ]
 [0.       1.      ]
 [0.       1.      ]
 [0.       1.      ]
 [0.       1.      ]
 [0.       1.      ]
 [0.       1.      ]
 [0.       1.      ]
 [0.       1.      ]
 [0.       1.      ]
 [0.       1.      ]
 [0.       1.      ]
 [0.       1.      ]
 [0.       1.      ]
 [0.       1.      ]
 [0.       1.      ]
 [0.       1.      ]
 [0.430001 1.      ]
 [0.       1.      ]
 [0.       1.      ]]"
"['spread2 > 0.37', 'Jitter:DDP > 0.08']","[[0.       1.      ]
 [0.       1.      ]
 [0.       1.      ]
 [0.       1.      ]
 [0.       1.      ]
 [0.       1.      ]
 [0.       1.      ]
 [0.080001 1.      ]
 [0.       1.      ]
 [0.       1.      ]
 [0.       1.      ]
 [0.       1.      ]
 [0.       1.      ]
 [0.       1.      ]
 [0.       1.      ]
 [0.       1.      ]
 [0.       1.      ]
 [0.       1.      ]
 [0.       1.      ]
 [0.       1.      ]
 [0.370001 1.      ]
 [0.       1.      ]]"
"['spread2 > 0.37', 'MDVP:Jitter(%) > 0.04', 'MDVP:Flo(Hz) <= 0.29']","[[0.       1.      ]
 [0.       1.      ]
 [0.       0.29    ]
 [0.040001 1.      ]
 [0.       1.      ]
 [0.       1.      ]
 [0.       1.      ]
 [0.       1.      ]
 [0.       1.      ]
 [0.       1.      ]
 [0.       1.      ]
 [0.       1.      ]
 [0.       1.      ]
 [0.       1.      ]
 [0.       1.      ]
 [0.       1.      ]
 [0.       1.      ]
 [0.       1.      ]
 [0.       1.      ]
 [0.       1.      ]
 [0.370001 1.      ]
 [0.       1.      ]]"
"['DFA > 0.69', 'MDVP:Jitter(%) > 0.04', 'MDVP:Fo(Hz) > 0.32']","[[0.320001 1.      ]
 [0.       1.      ]
 [0.       1.      ]
 [0.040001 1.      ]
 [0.       1.      ]
 [0.       1.      ]
 [0.       1.      ]
 [0.       1.      ]
 [0.       1.      ]
 [0.       1.      ]
 [0.       1.      ]
 [0.       1.      ]
 [0.       1.      ]
 [0.       1.      ]
 [0.       1.      ]
 [0.       1.      ]
 [0.       1.      ]
 [0.       1.      ]
 [0.690001 1.      ]
 [0.       1.      ]
 [0.       1.      ]
 [0.       1.      ]]"
"['spread2 > 0.51', 'MDVP:Fhi(Hz) <= 0.12']","[[0.       1.      ]
 [0.       0.12    ]
 [0.       1.      ]
 [0.       1.      ]
 [0.       1.      ]
 [0.       1.      ]
 [0.       1.      ]
 [0.       1.      ]
 [0.       1.      ]
 [0.       1.      ]
 [0.       1.      ]
 [0.       1.      ]
 [0.       1.      ]
 [0.       1.      ]
 [0.       1.      ]
 [0.       1.      ]
 [0.       1.      ]
 [0.       1.      ]
 [0.       1.      ]
 [0.       1.      ]
 [0.510001 1.      ]
 [0.       1.      ]]"
